,departamento,unnamed: 0,ph,n,mo,k,ca,mg,na,al,cic,p,fe,mn,zn,cu,s,b,ar,l,a,clasificacion,Rangos ph,Rango moda ph,Rangos n,Rango moda n,Rangos mo,Rango moda mo,Rangos k,Rango moda k,Rangos ca,Rango moda ca,Rangos mg,Rango moda mg,Rangos na,Rango moda na,Rangos al,Rango moda al,Rangos cic,Rango moda cic,Rangos p,Rango moda p,Rangos fe,Rango moda fe,Rangos mn,Rango moda mn,Rangos zn,Rango moda zn,Rangos cu,Rango moda cu,Rangos s,Rango moda s,Rangos b,Rango moda b,Rangos ar,Rango moda ar,Rangos l,Rango moda l,Rangos a,Rango moda a,muestras
0,ANTIOQUIA,18881.963855421687,5.043373493975904,0.41746987951807246,11.167469879518071,0.41180722891566274,4.332409638554218,2.0266265060240967,0.05602409638554212,1.2337349397590358,25.867469879518072,16.626506024096386,241.44578313253012,43.55421686746988,4.572289156626508,4.451807228915664,13.02289156626506,0.3808433734939758,31.204819277108435,27.072289156626507,41.626506024096386,2.8433734939759034,"(4.499, 5.0]  37 / (5.0, 5.5]   30 / (5.5, 6.0]    9","(4.499, 5.0]","(0.199, 0.3]  22 / (0.4, 0.5]   11 / (0.3, 0.4]   11","(0.199, 0.3]","(4.999, 10.0]  29 / (10.0, 15.0]   15 / (15.0, 20.0]   13","(4.999, 10.0]","(0.199, 0.4]  29 / (0.4, 0.6]   24 / (0.6, 0.8]    6","(0.199, 0.4]","(1.499, 3.0]  18 / (3.0, 5.0]    9 / (5.0, 6.0]    0","(1.499, 3.0]","(0.599, 1.2]  14 / (1.2, 1.8]    3 / (1.8, 2.4]    2","(0.599, 1.2]","(0.019, 0.04]  47 / (0.04, 0.06]   7 / (0.06, 0.08]   2","(0.019, 0.04]","(0.399, 0.8]  14 / (1.2, 1.6]    7 / (0.8, 1.2]    7","(0.399, 0.8]","(15.0, 20.0]   26 / (20.0, 25.0]   14 / (9.999, 15.0]   6","(15.0, 20.0]","(6.999, 14.0]  26 / (14.0, 21.0]   9 / (21.0, 28.0]   7","(6.999, 14.0]","(140.0, 210.0]   31 / (210.0, 280.0]   22 / (69.999, 140.0]   7","(140.0, 210.0]","(19.999, 40.0]  24 / (60.0, 80.0]   11 / (40.0, 60.0]   10","(19.999, 40.0]","(2.999, 6.0]  49 / (6.0, 9.0]   12 / (9.0, 12.0]   5","(2.999, 6.0]","(2.999, 6.0]  26 / (6.0, 9.0]   12 / (9.0, 12.0]   5","(2.999, 6.0]","(4.999, 10.0]  21 / (10.0, 15.0]   15 / (15.0, 20.0]   7","(4.999, 10.0]","(0.3, 0.45]   33 / (0.149, 0.3]  22 / (0.45, 0.6]   13","(0.3, 0.45]","(21.0, 28.0]   16 / (14.0, 21.0]   15 / (6.999, 14.0]   3","(21.0, 28.0]","(19.999, 25.0]  31 / (25.0, 30.0]   21 / (30.0, 35.0]   13","(19.999, 25.0]","(29.999, 40.0]  34 / (40.0, 50.0]   17 / (50.0, 60.0]   10","(29.999, 40.0]",83
1,ARAUCA,9863.285714285714,5.314285714285715,0.12571428571428572,2.4714285714285715,0.10857142857142857,3.6728571428571426,1.2814285714285714,0.03142857142857143,0.6,8.857142857142858,23.428571428571427,390.85714285714283,63.142857142857146,6.957142857142857,4.5,6.785714285714286,0.21999999999999997,31.142857142857142,51.0,17.571428571428573,6.285714285714286,"(5.0, 5.5]   4 / (5.5, 6.0]   2 / (4.499, 5.0]  1","(5.0, 5.5]","Series([], )",No está dentro del rango,"Series([], )",No está dentro del rango,"Series([], )",No está dentro del rango,"(3.0, 5.0]   3 / (5.0, 6.0]   2 / (1.499, 3.0]  2","(3.0, 5.0]","(0.599, 1.2]  4 / (1.2, 1.8]   2 / (1.8, 2.4]   1","(0.599, 1.2]","(0.019, 0.04]  5 / (0.04, 0.06]   1 / (0.06, 0.08]   0","(0.019, 0.04]","(0.8, 1.2]   1 / (0.399, 0.8]  1 / (1.2, 1.6]   0","(0.8, 1.2]","(9.999, 15.0]  2 / (20.0, 25.0]   0 / (15.0, 20.0]   0","(9.999, 15.0]","(21.0, 28.0]   2 / (6.999, 14.0]  2 / (14.0, 21.0]   1","(21.0, 28.0]","Series([], )",No está dentro del rango,"(40.0, 60.0]   3 / (60.0, 80.0]   1 / (19.999, 40.0]  1","(40.0, 60.0]","(6.0, 9.0]   3 / (2.999, 6.0]  3 / (9.0, 12.0]   1","(6.0, 9.0]","(2.999, 6.0]  6 / (6.0, 9.0]   1 / (9.0, 12.0]   0","(2.999, 6.0]","(15.0, 20.0]   1 / (10.0, 15.0]   1 / (4.999, 10.0]  1","(15.0, 20.0]","(0.149, 0.3]  2 / (0.45, 0.6]   1 / (0.3, 0.45]   1","(0.149, 0.3]","(21.0, 28.0]   2 / (14.0, 21.0]   2 / (6.999, 14.0]  0","(21.0, 28.0]","Series([], )",No está dentro del rango,"Series([], )",No está dentro del rango,7
2,ATLANTICO,25416.25,5.449999999999999,0.1,1.8499999999999999,0.35,8.817499999999999,2.9050000000000002,0.20750000000000002,0.125,13.5,47.0,157.5,70.75,4.925,2.625,10.2,0.635,22.5,18.75,59.0,3.5,"(5.0, 5.5]   3 / (5.5, 6.0]   1 / (4.499, 5.0]  0","(5.0, 5.5]","Series([], )",No está dentro del rango,"Series([], )",No está dentro del rango,"(0.4, 0.6]   2 / (0.199, 0.4]  2 / (0.6, 0.8]   0","(0.4, 0.6]","(5.0, 6.0]   1 / (3.0, 5.0]   0 / (1.499, 3.0]  0","(5.0, 6.0]","(1.2, 1.8]   1 / (1.8, 2.4]   0 / (0.599, 1.2]  0","(1.2, 1.8]","(0.019, 0.04]  1 / (0.06, 0.08]   0 / (0.04, 0.06]   0","(0.019, 0.04]","Series([], )",No está dentro del rango,"(15.0, 20.0]   2 / (9.999, 15.0]  1 / (20.0, 25.0]   0","(15.0, 20.0]","(21.0, 28.0]   1 / (14.0, 21.0]   0 / (6.999, 14.0]  0","(21.0, 28.0]","(140.0, 210.0]   2 / (210.0, 280.0]   1 / (69.999, 140.0]  1","(140.0, 210.0]","(60.0, 80.0]   2 / (40.0, 60.0]   1 / (19.999, 40.0]  0","(60.0, 80.0]","(2.999, 6.0]  3 / (6.0, 9.0]   1 / (9.0, 12.0]   0","(2.999, 6.0]","(2.999, 6.0]  1 / (9.0, 12.0]   0 / (6.0, 9.0]   0","(2.999, 6.0]","(4.999, 10.0]  3 / (15.0, 20.0]   1 / (10.0, 15.0]   0","(4.999, 10.0]","(0.3, 0.45]   1 / (0.45, 0.6]   0 / (0.149, 0.3]  0","(0.3, 0.45]","(21.0, 28.0]   1 / (14.0, 21.0]   1 / (6.999, 14.0]  1","(21.0, 28.0]","(19.999, 25.0]  2 / (30.0, 35.0]   0 / (25.0, 30.0]   0","(19.999, 25.0]","(50.0, 60.0]   2 / (40.0, 50.0]   1 / (29.999, 40.0]  0","(50.0, 60.0]",4
3,BOLIVAR,12099.0,5.1,0.2,4.3,0.27,4.35,1.86,0.02,0.3,13.0,2.0,262.0,79.0,1.7,3.8,5.0,0.24,49.0,28.0,23.0,3.0,"(5.0, 5.5]   1 / (5.5, 6.0]   0 / (4.499, 5.0]  0","(5.0, 5.5]","(0.199, 0.3]  1 / (0.4, 0.5]   0 / (0.3, 0.4]   0","(0.199, 0.3]","Series([], )",No está dentro del rango,"(0.199, 0.4]  1 / (0.6, 0.8]   0 / (0.4, 0.6]   0","(0.199, 0.4]","(3.0, 5.0]   1 / (5.0, 6.0]   0 / (1.499, 3.0]  0","(3.0, 5.0]","(1.8, 2.4]   1 / (1.2, 1.8]   0 / (0.599, 1.2]  0","(1.8, 2.4]","(0.019, 0.04]  1 / (0.06, 0.08]   0 / (0.04, 0.06]   0","(0.019, 0.04]","Series([], )",No está dentro del rango,"(9.999, 15.0]  1 / (20.0, 25.0]   0 / (15.0, 20.0]   0","(9.999, 15.0]","Series([], )",No está dentro del rango,"(210.0, 280.0]   1 / (140.0, 210.0]   0 / (69.999, 140.0]  0","(210.0, 280.0]","(60.0, 80.0]   1 / (40.0, 60.0]   0 / (19.999, 40.0]  0","(60.0, 80.0]","Series([], )",No está dentro del rango,"(2.999, 6.0]  1 / (9.0, 12.0]   0 / (6.0, 9.0]   0","(2.999, 6.0]","(4.999, 10.0]  1 / (15.0, 20.0]   0 / (10.0, 15.0]   0","(4.999, 10.0]","(0.149, 0.3]  1 / (0.45, 0.6]   0 / (0.3, 0.45]   0","(0.149, 0.3]","Series([], )",No está dentro del rango,"(25.0, 30.0]   1 / (30.0, 35.0]   0 / (19.999, 25.0]  0","(25.0, 30.0]","Series([], )",No está dentro del rango,1
4,BOYACA,18805.0,5.480000000000001,0.225,5.540000000000001,0.348,5.983,2.21,0.074,0.31,13.9,21.9,235.6,65.2,4.85,2.81,6.709999999999999,0.35,21.2,19.7,58.6,2.8,"(5.0, 5.5]   6 / (5.5, 6.0]   3 / (4.499, 5.0]  0","(5.0, 5.5]","(0.199, 0.3]  2 / (0.3, 0.4]   1 / (0.4, 0.5]   0","(0.199, 0.3]","(4.999, 10.0]  1 / (15.0, 20.0]   0 / (10.0, 15.0]   0","(4.999, 10.0]","(0.199, 0.4]  2 / (0.4, 0.6]   1 / (0.6, 0.8]   0","(0.199, 0.4]","(1.499, 3.0]  3 / (5.0, 6.0]   1 / (3.0, 5.0]   1","(1.499, 3.0]","(0.599, 1.2]  4 / (1.2, 1.8]   1 / (1.8, 2.4]   0","(0.599, 1.2]","(0.019, 0.04]  5 / (0.04, 0.06]   3 / (0.06, 0.08]   0","(0.019, 0.04]","(0.399, 0.8]  2 / (0.8, 1.2]   1 / (1.2, 1.6]   0","(0.399, 0.8]","(9.999, 15.0]  4 / (15.0, 20.0]   2 / (20.0, 25.0]   0","(9.999, 15.0]","(14.0, 21.0]   3 / (21.0, 28.0]   1 / (6.999, 14.0]  0","(14.0, 21.0]","(140.0, 210.0]   3 / (210.0, 280.0]   2 / (69.999, 140.0]  2","(140.0, 210.0]","(60.0, 80.0]   4 / (19.999, 40.0]  2 / (40.0, 60.0]   1","(60.0, 80.0]","(2.999, 6.0]  3 / (6.0, 9.0]   2 / (9.0, 12.0]   0","(2.999, 6.0]","(2.999, 6.0]  3 / (6.0, 9.0]   1 / (9.0, 12.0]   0","(2.999, 6.0]","(4.999, 10.0]  3 / (15.0, 20.0]   0 / (10.0, 15.0]   0","(4.999, 10.0]","(0.149, 0.3]  3 / (0.45, 0.6]   1 / (0.3, 0.45]   1","(0.149, 0.3]","(14.0, 21.0]   5 / (21.0, 28.0]   2 / (6.999, 14.0]  2","(14.0, 21.0]","(19.999, 25.0]  2 / (30.0, 35.0]   1 / (25.0, 30.0]   0","(19.999, 25.0]","(40.0, 50.0]   2 / (50.0, 60.0]   1 / (29.999, 40.0]  0","(40.0, 50.0]",10
5,CALDAS,27764.4149054505,5.110600667408233,0.35185761957730766,8.679310344827591,0.28587319243604,2.993859844271413,1.1079087875417115,0.04613793103448287,0.7165739710789775,22.03003337041157,13.35261401557286,235.85761957730813,33.0789766407119,5.1551724137931005,5.465962180200228,16.787575083426013,0.3438042269187989,23.381535038932146,27.946607341490544,48.645161290322584,3.1379310344827585,"(4.499, 5.0]  388 / (5.0, 5.5]   346 / (5.5, 6.0]   114","(4.499, 5.0]","(0.3, 0.4]   274 / (0.199, 0.3]  253 / (0.4, 0.5]   194","(0.3, 0.4]","(4.999, 10.0]  463 / (10.0, 15.0]   243 / (15.0, 20.0]   41","(4.999, 10.0]","(0.199, 0.4]  299 / (0.4, 0.6]   107 / (0.6, 0.8]    62","(0.199, 0.4]","(1.499, 3.0]  199 / (3.0, 5.0]   169 / (5.0, 6.0]    59","(1.499, 3.0]","(0.599, 1.2]  189 / (1.2, 1.8]    99 / (1.8, 2.4]    50","(0.599, 1.2]","(0.019, 0.04]  528 / (0.04, 0.06]   117 / (0.06, 0.08]   73","(0.019, 0.04]","(0.399, 0.8]  303 / (0.8, 1.2]   172 / (1.2, 1.6]    86","(0.399, 0.8]","(15.0, 20.0]   279 / (20.0, 25.0]   249 / (9.999, 15.0]  113","(15.0, 20.0]","(6.999, 14.0]  299 / (14.0, 21.0]   80 / (21.0, 28.0]   48","(6.999, 14.0]","(140.0, 210.0]   248 / (210.0, 280.0]   217 / (69.999, 140.0]  156","(140.0, 210.0]","(19.999, 40.0]  282 / (40.0, 60.0]   112 / (60.0, 80.0]    58","(19.999, 40.0]","(2.999, 6.0]  350 / (6.0, 9.0]   170 / (9.0, 12.0]   77","(2.999, 6.0]","(2.999, 6.0]  359 / (6.0, 9.0]   186 / (9.0, 12.0]   86","(2.999, 6.0]","(4.999, 10.0]  218 / (10.0, 15.0]   171 / (15.0, 20.0]   103","(4.999, 10.0]","(0.149, 0.3]  297 / (0.3, 0.45]   249 / (0.45, 0.6]   115","(0.149, 0.3]","(14.0, 21.0]   291 / (21.0, 28.0]   233 / (6.999, 14.0]  126","(14.0, 21.0]","(25.0, 30.0]   361 / (19.999, 25.0]  267 / (30.0, 35.0]   170","(25.0, 30.0]","(50.0, 60.0]   395 / (40.0, 50.0]   331 / (29.999, 40.0]  117","(50.0, 60.0]",899
6,CASANARE,13233.0,4.7,0.15,3.0,0.05,0.1,0.03,0.03,1.5,4.0,3.0,272.0,1.0,0.3,0.4,1.7,0.07,21.0,42.0,37.0,5.0,"(4.499, 5.0]  1 / (5.5, 6.0]   0 / (5.0, 5.5]   0","(4.499, 5.0]","Series([], )",No está dentro del rango,"Series([], )",No está dentro del rango,"Series([], )",No está dentro del rango,"Series([], )",No está dentro del rango,"Series([], )",No está dentro del rango,"(0.019, 0.04]  1 / (0.06, 0.08]   0 / (0.04, 0.06]   0","(0.019, 0.04]","(1.2, 1.6]   1 / (0.8, 1.2]   0 / (0.399, 0.8]  0","(1.2, 1.6]","Series([], )",No está dentro del rango,"Series([], )",No está dentro del rango,"(210.0, 280.0]   1 / (140.0, 210.0]   0 / (69.999, 140.0]  0","(210.0, 280.0]","Series([], )",No está dentro del rango,"Series([], )",No está dentro del rango,"Series([], )",No está dentro del rango,"Series([], )",No está dentro del rango,"Series([], )",No está dentro del rango,"(14.0, 21.0]   1 / (21.0, 28.0]   0 / (6.999, 14.0]  0","(14.0, 21.0]","Series([], )",No está dentro del rango,"(29.999, 40.0]  1 / (50.0, 60.0]   0 / (40.0, 50.0]   0","(29.999, 40.0]",1
7,CAUCA,23753.5875,4.967499999999999,0.5336249999999999,15.070000000000004,0.37850000000000017,2.05175,0.684625,0.027500000000000004,1.06625,31.925,11.15,169.5875,22.9625,3.5449999999999995,4.103750000000001,15.89125,0.2933749999999999,31.9375,29.825,38.15,3.0875,"(5.0, 5.5]   97 / (4.499, 5.0]  85 / (5.5, 6.0]   46","(5.0, 5.5]","(0.3, 0.4]   63 / (0.199, 0.3]  60 / (0.4, 0.5]   37","(0.3, 0.4]","(4.999, 10.0]  108 / (10.0, 15.0]   48 / (15.0, 20.0]   22","(4.999, 10.0]","(0.199, 0.4]  73 / (0.4, 0.6]   34 / (0.6, 0.8]   32","(0.199, 0.4]","(3.0, 5.0]   62 / (1.499, 3.0]  55 / (5.0, 6.0]   11","(3.0, 5.0]","(0.599, 1.2]  71 / (1.2, 1.8]   34 / (1.8, 2.4]   12","(0.599, 1.2]","(0.019, 0.04]  148 / (0.04, 0.06]   31 / (0.06, 0.08]   13","(0.019, 0.04]","(0.399, 0.8]  90 / (0.8, 1.2]   26 / (1.2, 1.6]   13","(0.399, 0.8]","(20.0, 25.0]   61 / (15.0, 20.0]   51 / (9.999, 15.0]  25","(20.0, 25.0]","(6.999, 14.0]  73 / (14.0, 21.0]   8 / (21.0, 28.0]   5","(6.999, 14.0]","(140.0, 210.0]   89 / (69.999, 140.0]  61 / (210.0, 280.0]   37","(140.0, 210.0]","(19.999, 40.0]  77 / (40.0, 60.0]   32 / (60.0, 80.0]   21","(19.999, 40.0]","(2.999, 6.0]  92 / (6.0, 9.0]   33 / (9.0, 12.0]   23","(2.999, 6.0]","(2.999, 6.0]  102 / (6.0, 9.0]    40 / (9.0, 12.0]   12","(2.999, 6.0]","(4.999, 10.0]  87 / (10.0, 15.0]   45 / (15.0, 20.0]   24","(4.999, 10.0]","(0.149, 0.3]  91 / (0.3, 0.45]   43 / (0.45, 0.6]   23","(0.149, 0.3]","(14.0, 21.0]   48 / (21.0, 28.0]   46 / (6.999, 14.0]  18","(14.0, 21.0]","(25.0, 30.0]   82 / (19.999, 25.0]  70 / (30.0, 35.0]   36","(25.0, 30.0]","(40.0, 50.0]   93 / (29.999, 40.0]  78 / (50.0, 60.0]   40","(40.0, 50.0]",80
8,CESAR,12455.0,5.5888888888888895,0.21555555555555558,4.644444444444445,0.18888888888888888,3.6466666666666665,0.8822222222222222,0.05444444444444444,0.4222222222222223,10.0,7.555555555555555,235.66666666666666,65.88888888888889,2.6222222222222222,1.8777777777777775,13.544444444444444,0.3055555555555556,25.333333333333332,21.333333333333332,53.333333333333336,2.888888888888889,"(5.5, 6.0]   4 / (5.0, 5.5]   1 / (4.499, 5.0]  1","(5.5, 6.0]","(0.3, 0.4]   4 / (0.4, 0.5]   0 / (0.199, 0.3]  0","(0.3, 0.4]","(4.999, 10.0]  4 / (15.0, 20.0]   0 / (10.0, 15.0]   0","(4.999, 10.0]","(0.199, 0.4]  3 / (0.4, 0.6]   1 / (0.6, 0.8]   0","(0.199, 0.4]","(3.0, 5.0]   4 / (1.499, 3.0]  4 / (5.0, 6.0]   0","(3.0, 5.0]","(1.2, 1.8]   3 / (0.599, 1.2]  3 / (1.8, 2.4]   0","(1.2, 1.8]","(0.019, 0.04]  5 / (0.06, 0.08]   1 / (0.04, 0.06]   1","(0.019, 0.04]","(0.399, 0.8]  1 / (1.2, 1.6]   0 / (0.8, 1.2]   0","(0.399, 0.8]","(20.0, 25.0]   1 / (15.0, 20.0]   1 / (9.999, 15.0]  1","(20.0, 25.0]","(6.999, 14.0]  2 / (14.0, 21.0]   1 / (21.0, 28.0]   0","(6.999, 14.0]","(140.0, 210.0]   3 / (69.999, 140.0]  2 / (210.0, 280.0]   1","(140.0, 210.0]","(60.0, 80.0]   6 / (19.999, 40.0]  2 / (40.0, 60.0]   0","(60.0, 80.0]","(2.999, 6.0]  2 / (6.0, 9.0]   1 / (9.0, 12.0]   0","(2.999, 6.0]","(2.999, 6.0]  1 / (9.0, 12.0]   0 / (6.0, 9.0]   0","(2.999, 6.0]","(10.0, 15.0]   2 / (4.999, 10.0]  2 / (15.0, 20.0]   0","(10.0, 15.0]","(0.45, 0.6]   3 / (0.149, 0.3]  3 / (0.3, 0.45]   1","(0.45, 0.6]","(21.0, 28.0]   3 / (6.999, 14.0]  3 / (14.0, 21.0]   1","(21.0, 28.0]","(19.999, 25.0]  4 / (25.0, 30.0]   2 / (30.0, 35.0]   0","(19.999, 25.0]","(50.0, 60.0]   4 / (29.999, 40.0]  1 / (40.0, 50.0]   0","(50.0, 60.0]",9
9,CORDOBA,6412.8,5.9,0.238,5.3,0.5980000000000001,14.514000000000001,7.784000000000001,0.21000000000000002,0.16,30.8,5.0,194.6,26.6,7.640000000000001,6.580000000000001,6.0600000000000005,0.616,51.8,32.0,16.2,2.6,"(5.5, 6.0]   2 / (5.0, 5.5]   1 / (4.499, 5.0]  0","(5.5, 6.0]","(0.199, 0.3]  5 / (0.4, 0.5]   0 / (0.3, 0.4]   0","(0.199, 0.3]","(4.999, 10.0]  4 / (15.0, 20.0]   0 / (10.0, 15.0]   0","(4.999, 10.0]","(0.6, 0.8]   3 / (0.4, 0.6]   2 / (0.199, 0.4]  0","(0.6, 0.8]","Series([], )",No está dentro del rango,"Series([], )",No está dentro del rango,"(0.04, 0.06]   1 / (0.06, 0.08]   0 / (0.019, 0.04]  0","(0.04, 0.06]","Series([], )",No está dentro del rango,"(20.0, 25.0]   1 / (15.0, 20.0]   0 / (9.999, 15.0]  0","(20.0, 25.0]","(6.999, 14.0]  2 / (21.0, 28.0]   0 / (14.0, 21.0]   0","(6.999, 14.0]","(210.0, 280.0]   2 / (140.0, 210.0]   2 / (69.999, 140.0]  1","(210.0, 280.0]","(60.0, 80.0]   1 / (40.0, 60.0]   0 / (19.999, 40.0]  0","(60.0, 80.0]","(2.999, 6.0]  3 / (9.0, 12.0]   1 / (6.0, 9.0]   0","(2.999, 6.0]","(2.999, 6.0]  4 / (9.0, 12.0]   0 / (6.0, 9.0]   0","(2.999, 6.0]","(15.0, 20.0]   1 / (4.999, 10.0]  1 / (10.0, 15.0]   0","(15.0, 20.0]","(0.45, 0.6]   3 / (0.3, 0.45]   0 / (0.149, 0.3]  0","(0.45, 0.6]","Series([], )",No está dentro del rango,"(30.0, 35.0]   1 / (25.0, 30.0]   1 / (19.999, 25.0]  1","(30.0, 35.0]","Series([], )",No está dentro del rango,5
10,CUNDINAMARCA,16833.04,5.4159999999999995,0.4427999999999999,12.223999999999998,0.30040000000000006,4.7008,1.0335999999999999,0.044400000000000016,0.9079999999999999,25.64,16.64,218.36,23.2,4.363999999999999,2.7800000000000007,6.331999999999999,0.28120000000000006,37.2,27.44,35.0,2.24,"(4.499, 5.0]  10 / (5.0, 5.5]    9 / (5.5, 6.0]    2","(4.499, 5.0]","(0.199, 0.3]  5 / (0.3, 0.4]   4 / (0.4, 0.5]   3","(0.199, 0.3]","(4.999, 10.0]  7 / (10.0, 15.0]   5 / (15.0, 20.0]   3","(4.999, 10.0]","(0.199, 0.4]  8 / (0.4, 0.6]   4 / (0.6, 0.8]   2","(0.199, 0.4]","(1.499, 3.0]  7 / (3.0, 5.0]   3 / (5.0, 6.0]   2","(1.499, 3.0]","(0.599, 1.2]  7 / (1.2, 1.8]   3 / (1.8, 2.4]   1","(0.599, 1.2]","(0.019, 0.04]  14 / (0.04, 0.06]   5 / (0.06, 0.08]   0","(0.019, 0.04]","(0.399, 0.8]  4 / (1.2, 1.6]   3 / (0.8, 1.2]   2","(0.399, 0.8]","(20.0, 25.0]   5 / (9.999, 15.0]  4 / (15.0, 20.0]   2","(20.0, 25.0]","(6.999, 14.0]  8 / (21.0, 28.0]   4 / (14.0, 21.0]   4","(6.999, 14.0]","(140.0, 210.0]   8 / (69.999, 140.0]  6 / (210.0, 280.0]   3","(140.0, 210.0]","(19.999, 40.0]  5 / (60.0, 80.0]   3 / (40.0, 60.0]   0","(19.999, 40.0]","(2.999, 6.0]  11 / (6.0, 9.0]    7 / (9.0, 12.0]   1","(2.999, 6.0]","(2.999, 6.0]  9 / (6.0, 9.0]   1 / (9.0, 12.0]   0","(2.999, 6.0]","(4.999, 10.0]  8 / (10.0, 15.0]   4 / (15.0, 20.0]   0","(4.999, 10.0]","(0.149, 0.3]  13 / (0.3, 0.45]   5 / (0.45, 0.6]   0","(0.149, 0.3]","(14.0, 21.0]   2 / (21.0, 28.0]   1 / (6.999, 14.0]  0","(14.0, 21.0]","(25.0, 30.0]   10 / (19.999, 25.0]   9 / (30.0, 35.0]    4","(25.0, 30.0]","(29.999, 40.0]  9 / (40.0, 50.0]   6 / (50.0, 60.0]   2","(29.999, 40.0]",25
11,HUILA,35877.55882352941,4.955882352941176,0.24058823529411763,5.517647058823531,0.33088235294117657,3.996176470588235,1.492647058823529,0.045882352941176485,0.7823529411764706,13.205882352941176,28.294117647058822,309.05882352941177,38.38235294117647,2.8529411764705883,2.5000000000000004,7.832352941176471,0.3647058823529412,23.38235294117647,21.5,55.0,2.6176470588235294,"(4.499, 5.0]  13 / (5.0, 5.5]   11 / (5.5, 6.0]    3","(4.499, 5.0]","(0.199, 0.3]  15 / (0.3, 0.4]    4 / (0.4, 0.5]    2","(0.199, 0.3]","(4.999, 10.0]  16 / (10.0, 15.0]   2 / (15.0, 20.0]   1","(4.999, 10.0]","(0.199, 0.4]  13 / (0.4, 0.6]    8 / (0.6, 0.8]    1","(0.199, 0.4]","(3.0, 5.0]   10 / (5.0, 6.0]    5 / (1.499, 3.0]   5","(3.0, 5.0]","(1.8, 2.4]   8 / (1.2, 1.8]   8 / (0.599, 1.2]  5","(1.8, 2.4]","(0.019, 0.04]  16 / (0.06, 0.08]   4 / (0.04, 0.06]   4","(0.019, 0.04]","(0.399, 0.8]  7 / (0.8, 1.2]   5 / (1.2, 1.6]   4","(0.399, 0.8]","(9.999, 15.0]  18 / (15.0, 20.0]   6 / (20.0, 25.0]   2","(9.999, 15.0]","(6.999, 14.0]  7 / (14.0, 21.0]   5 / (21.0, 28.0]   2","(6.999, 14.0]","(210.0, 280.0]   5 / (140.0, 210.0]   5 / (69.999, 140.0]  3","(210.0, 280.0]","(19.999, 40.0]  11 / (60.0, 80.0]    5 / (40.0, 60.0]    4","(19.999, 40.0]","(2.999, 6.0]  8 / (9.0, 12.0]   2 / (6.0, 9.0]   1","(2.999, 6.0]","(2.999, 6.0]  9 / (6.0, 9.0]   3 / (9.0, 12.0]   0","(2.999, 6.0]","(4.999, 10.0]  11 / (10.0, 15.0]   6 / (15.0, 20.0]   0","(4.999, 10.0]","(0.3, 0.45]   12 / (0.149, 0.3]  10 / (0.45, 0.6]   5","(0.3, 0.45]","(21.0, 28.0]   8 / (14.0, 21.0]   8 / (6.999, 14.0]  8","(21.0, 28.0]","(19.999, 25.0]  11 / (25.0, 30.0]    9 / (30.0, 35.0]    0","(19.999, 25.0]","(50.0, 60.0]   15 / (40.0, 50.0]    6 / (29.999, 40.0]   4","(50.0, 60.0]",34
12,MAGDALENA,4126.5,5.7250000000000005,0.22499999999999998,4.9750000000000005,0.15999999999999998,10.5875,2.2525,0.022500000000000003,0.19999999999999998,15.75,18.25,249.5,62.25,1.625,4.675000000000001,2.5250000000000004,0.3925,23.5,39.5,37.0,4.0,"(5.0, 5.5]   2 / (5.5, 6.0]   1 / (4.499, 5.0]  0","(5.0, 5.5]","(0.199, 0.3]  3 / (0.4, 0.5]   0 / (0.3, 0.4]   0","(0.199, 0.3]","(4.999, 10.0]  1 / (15.0, 20.0]   0 / (10.0, 15.0]   0","(4.999, 10.0]","(0.199, 0.4]  1 / (0.6, 0.8]   0 / (0.4, 0.6]   0","(0.199, 0.4]","Series([], )",No está dentro del rango,"(1.8, 2.4]   3 / (1.2, 1.8]   0 / (0.599, 1.2]  0","(1.8, 2.4]","(0.019, 0.04]  4 / (0.06, 0.08]   0 / (0.04, 0.06]   0","(0.019, 0.04]","Series([], )",No está dentro del rango,"(9.999, 15.0]  3 / (20.0, 25.0]   1 / (15.0, 20.0]   0","(9.999, 15.0]","(21.0, 28.0]   1 / (6.999, 14.0]  1 / (14.0, 21.0]   0","(21.0, 28.0]","(210.0, 280.0]   2 / (140.0, 210.0]   1 / (69.999, 140.0]  0","(210.0, 280.0]","(60.0, 80.0]   3 / (40.0, 60.0]   1 / (19.999, 40.0]  0","(60.0, 80.0]","Series([], )",No está dentro del rango,"(2.999, 6.0]  2 / (6.0, 9.0]   1 / (9.0, 12.0]   0","(2.999, 6.0]","Series([], )",No está dentro del rango,"(0.45, 0.6]   2 / (0.149, 0.3]  2 / (0.3, 0.45]   0","(0.45, 0.6]","(21.0, 28.0]   2 / (14.0, 21.0]   2 / (6.999, 14.0]  0","(21.0, 28.0]","(30.0, 35.0]   1 / (25.0, 30.0]   0 / (19.999, 25.0]  0","(30.0, 35.0]","(29.999, 40.0]  3 / (40.0, 50.0]   1 / (50.0, 60.0]   0","(29.999, 40.0]",4
13,META,14102.25,4.8625,0.18125,3.8625,0.22,2.3724999999999996,0.70125,0.043750000000000004,1.0125000000000002,11.0,16.125,327.875,42.25,4.6625,5.3500000000000005,5.1625,0.26,41.625,31.125,27.25,4.0,"(4.499, 5.0]  5 / (5.0, 5.5]   2 / (5.5, 6.0]   0","(4.499, 5.0]","(0.199, 0.3]  5 / (0.4, 0.5]   0 / (0.3, 0.4]   0","(0.199, 0.3]","Series([], )",No está dentro del rango,"(0.199, 0.4]  3 / (0.4, 0.6]   2 / (0.6, 0.8]   0","(0.199, 0.4]","(3.0, 5.0]   4 / (1.499, 3.0]  1 / (5.0, 6.0]   0","(3.0, 5.0]","(0.599, 1.2]  3 / (1.2, 1.8]   2 / (1.8, 2.4]   0","(0.599, 1.2]","(0.06, 0.08]   2 / (0.04, 0.06]   2 / (0.019, 0.04]  2","(0.06, 0.08]","(0.8, 1.2]   3 / (0.399, 0.8]  3 / (1.2, 1.6]   0","(0.8, 1.2]","(9.999, 15.0]  4 / (15.0, 20.0]   1 / (20.0, 25.0]   0","(9.999, 15.0]","Series([], )",No está dentro del rango,"(140.0, 210.0]   1 / (69.999, 140.0]  1 / (210.0, 280.0]   0","(140.0, 210.0]","(40.0, 60.0]   2 / (19.999, 40.0]  2 / (60.0, 80.0]   1","(40.0, 60.0]","(6.0, 9.0]   2 / (2.999, 6.0]  2 / (9.0, 12.0]   1","(6.0, 9.0]","(6.0, 9.0]   3 / (9.0, 12.0]   1 / (2.999, 6.0]  1","(6.0, 9.0]","(4.999, 10.0]  2 / (15.0, 20.0]   0 / (10.0, 15.0]   0","(4.999, 10.0]","(0.149, 0.3]  3 / (0.3, 0.45]   1 / (0.45, 0.6]   0","(0.149, 0.3]","(6.999, 14.0]  2 / (21.0, 28.0]   0 / (14.0, 21.0]   0","(6.999, 14.0]","(30.0, 35.0]   4 / (25.0, 30.0]   2 / (19.999, 25.0]  1","(30.0, 35.0]","(50.0, 60.0]   1 / (29.999, 40.0]  1 / (40.0, 50.0]   0","(50.0, 60.0]",8
14,NARIÑO,52000.083333333336,4.994444444444444,0.22472222222222227,4.983333333333333,0.3122222222222223,6.5275,2.3024999999999998,0.11638888888888888,0.7194444444444442,15.61111111111111,22.416666666666668,282.3333333333333,69.16666666666667,2.408333333333333,4.063888888888888,25.88055555555555,0.5000000000000001,23.444444444444443,26.055555555555557,50.75,3.0555555555555554,"(4.499, 5.0]  16 / (5.0, 5.5]   13 / (5.5, 6.0]    3","(4.499, 5.0]","(0.199, 0.3]  25 / (0.3, 0.4]    3 / (0.4, 0.5]    0","(0.199, 0.3]","(4.999, 10.0]  15 / (15.0, 20.0]   0 / (10.0, 15.0]   0","(4.999, 10.0]","(0.199, 0.4]  18 / (0.4, 0.6]    9 / (0.6, 0.8]    1","(0.199, 0.4]","(3.0, 5.0]   8 / (5.0, 6.0]   5 / (1.499, 3.0]  5","(3.0, 5.0]","(1.2, 1.8]   11 / (0.599, 1.2]   5 / (1.8, 2.4]    4","(1.2, 1.8]","(0.06, 0.08]   5 / (0.019, 0.04]  5 / (0.04, 0.06]   4","(0.06, 0.08]","(0.399, 0.8]  12 / (0.8, 1.2]    5 / (1.2, 1.6]    2","(0.399, 0.8]","(15.0, 20.0]   18 / (9.999, 15.0]  16 / (20.0, 25.0]   1","(15.0, 20.0]","(6.999, 14.0]  10 / (14.0, 21.0]   6 / (21.0, 28.0]   3","(6.999, 14.0]","(210.0, 280.0]   10 / (140.0, 210.0]   4 / (69.999, 140.0]   3","(210.0, 280.0]","(40.0, 60.0]   12 / (60.0, 80.0]   10 / (19.999, 40.0]   2","(40.0, 60.0]","(2.999, 6.0]  10 / (6.0, 9.0]    1 / (9.0, 12.0]   0","(2.999, 6.0]","(2.999, 6.0]  26 / (6.0, 9.0]    4 / (9.0, 12.0]   0","(2.999, 6.0]","(10.0, 15.0]   3 / (4.999, 10.0]  2 / (15.0, 20.0]   1","(10.0, 15.0]","(0.45, 0.6]   10 / (0.149, 0.3]   7 / (0.3, 0.45]   4","(0.45, 0.6]","(21.0, 28.0]   20 / (14.0, 21.0]   8 / (6.999, 14.0]   3","(21.0, 28.0]","(25.0, 30.0]   18 / (19.999, 25.0]  12 / (30.0, 35.0]    2","(25.0, 30.0]","(50.0, 60.0]   15 / (40.0, 50.0]   14 / (29.999, 40.0]   2","(50.0, 60.0]",36
15,NORTE DE SANTANDER,4181.5,5.0,0.455,11.9,0.3025,1.7349999999999999,0.7875,0.025,2.2,12.5,5.25,280.0,27.5,2.825,2.9749999999999996,6.325,0.5125000000000001,33.25,26.25,40.0,3.25,"(4.499, 5.0]  3 / (5.0, 5.5]   1 / (5.5, 6.0]   0","(4.499, 5.0]","(0.4, 0.5]   1 / (0.199, 0.3]  1 / (0.3, 0.4]   0","(0.4, 0.5]","(10.0, 15.0]   2 / (15.0, 20.0]   1 / (4.999, 10.0]  1","(10.0, 15.0]","(0.199, 0.4]  2 / (0.4, 0.6]   1 / (0.6, 0.8]   0","(0.199, 0.4]","(3.0, 5.0]   1 / (1.499, 3.0]  1 / (5.0, 6.0]   0","(3.0, 5.0]","(0.599, 1.2]  3 / (1.8, 2.4]   0 / (1.2, 1.8]   0","(0.599, 1.2]","(0.019, 0.04]  4 / (0.06, 0.08]   0 / (0.04, 0.06]   0","(0.019, 0.04]","(1.2, 1.6]   1 / (0.8, 1.2]   0 / (0.399, 0.8]  0","(1.2, 1.6]","(9.999, 15.0]  4 / (20.0, 25.0]   0 / (15.0, 20.0]   0","(9.999, 15.0]","Series([], )",No está dentro del rango,"(210.0, 280.0]   1 / (140.0, 210.0]   1 / (69.999, 140.0]  0","(210.0, 280.0]","(19.999, 40.0]  2 / (40.0, 60.0]   1 / (60.0, 80.0]   0","(19.999, 40.0]","(6.0, 9.0]   1 / (9.0, 12.0]   0 / (2.999, 6.0]  0","(6.0, 9.0]","(2.999, 6.0]  1 / (9.0, 12.0]   0 / (6.0, 9.0]   0","(2.999, 6.0]","(4.999, 10.0]  2 / (15.0, 20.0]   0 / (10.0, 15.0]   0","(4.999, 10.0]","(0.3, 0.45]   1 / (0.45, 0.6]   0 / (0.149, 0.3]  0","(0.3, 0.45]","(21.0, 28.0]   2 / (14.0, 21.0]   0 / (6.999, 14.0]  0","(21.0, 28.0]","(19.999, 25.0]  2 / (30.0, 35.0]   1 / (25.0, 30.0]   1","(19.999, 25.0]","(40.0, 50.0]   2 / (29.999, 40.0]  2 / (50.0, 60.0]   0","(40.0, 50.0]",4
16,PUTUMAYO,5085.846153846154,4.715384615384616,0.29615384615384616,7.0307692307692315,0.19038461538461543,0.9073076923076923,0.2523076923076923,0.046538461538461556,1.3000000000000003,18.692307692307693,9.807692307692308,274.38461538461536,25.192307692307693,4.134615384615386,5.123076923076923,11.526923076923076,0.30615384615384617,44.23076923076923,20.115384615384617,35.38461538461539,3.230769230769231,"(4.499, 5.0]  17 / (5.0, 5.5]    5 / (5.5, 6.0]    0","(4.499, 5.0]","(0.199, 0.3]  15 / (0.4, 0.5]    4 / (0.3, 0.4]    4","(0.199, 0.3]","(4.999, 10.0]  14 / (10.0, 15.0]   4 / (15.0, 20.0]   1","(4.999, 10.0]","(0.199, 0.4]  11 / (0.4, 0.6]    1 / (0.6, 0.8]    0","(0.199, 0.4]","(1.499, 3.0]  5 / (3.0, 5.0]   1 / (5.0, 6.0]   0","(1.499, 3.0]","(0.599, 1.2]  1 / (1.8, 2.4]   0 / (1.2, 1.8]   0","(0.599, 1.2]","(0.019, 0.04]  17 / (0.04, 0.06]   4 / (0.06, 0.08]   0","(0.019, 0.04]","(0.399, 0.8]  8 / (0.8, 1.2]   7 / (1.2, 1.6]   1","(0.399, 0.8]","(15.0, 20.0]   10 / (9.999, 15.0]   8 / (20.0, 25.0]   3","(15.0, 20.0]","(14.0, 21.0]   1 / (21.0, 28.0]   0 / (6.999, 14.0]  0","(14.0, 21.0]","(210.0, 280.0]   6 / (140.0, 210.0]   6 / (69.999, 140.0]  3","(210.0, 280.0]","(19.999, 40.0]  9 / (40.0, 60.0]   2 / (60.0, 80.0]   0","(19.999, 40.0]","(2.999, 6.0]  12 / (6.0, 9.0]    2 / (9.0, 12.0]   0","(2.999, 6.0]","(2.999, 6.0]  16 / (6.0, 9.0]    4 / (9.0, 12.0]   2","(2.999, 6.0]","(4.999, 10.0]  7 / (15.0, 20.0]   5 / (10.0, 15.0]   4","(4.999, 10.0]","(0.149, 0.3]  13 / (0.3, 0.45]   9 / (0.45, 0.6]   3","(0.149, 0.3]","(21.0, 28.0]   5 / (14.0, 21.0]   4 / (6.999, 14.0]  2","(21.0, 28.0]","(19.999, 25.0]  6 / (30.0, 35.0]   3 / (25.0, 30.0]   3","(19.999, 25.0]","(50.0, 60.0]   5 / (40.0, 50.0]   4 / (29.999, 40.0]  3","(50.0, 60.0]",26
17,QUINDIO,14269.96577017115,5.123471882640585,0.37163814180929144,9.276283618581907,0.3596821515892422,2.031320293398533,0.5991198044009783,0.023936430317848242,0.915403422982886,20.99755501222494,23.52567237163814,161.0880195599022,22.493887530562347,4.3430317848410755,4.380195599022006,11.46870415647921,0.38833740831295854,20.530562347188265,23.198044009779952,56.20048899755501,2.8312958435207825,"(5.0, 5.5]   200 / (4.499, 5.0]  172 / (5.5, 6.0]    29","(5.0, 5.5]","(0.4, 0.5]   108 / (0.199, 0.3]  105 / (0.3, 0.4]    87","(0.4, 0.5]","(4.999, 10.0]  176 / (10.0, 15.0]   146 / (15.0, 20.0]   31","(4.999, 10.0]","(0.199, 0.4]  170 / (0.4, 0.6]    89 / (0.6, 0.8]    30","(0.199, 0.4]","(1.499, 3.0]  103 / (3.0, 5.0]    49 / (5.0, 6.0]    15","(1.499, 3.0]","(0.599, 1.2]  59 / (1.2, 1.8]   34 / (1.8, 2.4]    9","(0.599, 1.2]","(0.019, 0.04]  258 / (0.04, 0.06]   22 / (0.06, 0.08]   11","(0.019, 0.04]","(0.399, 0.8]  123 / (0.8, 1.2]   115 / (1.2, 1.6]    65","(0.399, 0.8]","(20.0, 25.0]   148 / (15.0, 20.0]   136 / (9.999, 15.0]   51","(20.0, 25.0]","(6.999, 14.0]  138 / (14.0, 21.0]   73 / (21.0, 28.0]   23","(6.999, 14.0]","(69.999, 140.0]  216 / (140.0, 210.0]   109 / (210.0, 280.0]   28","(69.999, 140.0]","(19.999, 40.0]  108 / (40.0, 60.0]    22 / (60.0, 80.0]    15","(19.999, 40.0]","(2.999, 6.0]  202 / (6.0, 9.0]    55 / (9.0, 12.0]   18","(2.999, 6.0]","(2.999, 6.0]  97 / (6.0, 9.0]   51 / (9.0, 12.0]   25","(2.999, 6.0]","(4.999, 10.0]  92 / (10.0, 15.0]   48 / (15.0, 20.0]   42","(4.999, 10.0]","(0.3, 0.45]   143 / (0.149, 0.3]  128 / (0.45, 0.6]   45","(0.3, 0.45]","(14.0, 21.0]   281 / (21.0, 28.0]   60 / (6.999, 14.0]   33","(14.0, 21.0]","(19.999, 25.0]  188 / (25.0, 30.0]    84 / (30.0, 35.0]    33","(19.999, 25.0]","(50.0, 60.0]   183 / (40.0, 50.0]    44 / (29.999, 40.0]   37","(50.0, 60.0]",409
18,RISARALDA,19104.215619694398,5.313412563667231,0.40544991511035655,10.333446519524614,0.3130730050933787,3.5975891341256423,1.2206621392190145,0.04831918505942262,0.5263157894736841,23.553480475382003,8.636672325976232,217.5246179966044,33.67911714770798,6.4539898132427895,5.511375212224107,11.139558573853995,0.3095925297113752,24.98811544991511,29.972835314091682,44.9151103565365,3.4176570458404076,"(5.0, 5.5]   277 / (5.5, 6.0]   160 / (4.499, 5.0]  137","(5.0, 5.5]","(0.4, 0.5]   182 / (0.3, 0.4]   138 / (0.199, 0.3]  110","(0.4, 0.5]","(10.0, 15.0]   247 / (4.999, 10.0]  223 / (15.0, 20.0]   55","(10.0, 15.0]","(0.199, 0.4]  248 / (0.4, 0.6]    80 / (0.6, 0.8]    36","(0.199, 0.4]","(3.0, 5.0]   171 / (1.499, 3.0]  148 / (5.0, 6.0]    41","(3.0, 5.0]","(0.599, 1.2]  150 / (1.2, 1.8]    78 / (1.8, 2.4]    51","(0.599, 1.2]","(0.019, 0.04]  319 / (0.04, 0.06]   126 / (0.06, 0.08]   47","(0.019, 0.04]","(0.399, 0.8]  253 / (0.8, 1.2]    68 / (1.2, 1.6]    13","(0.399, 0.8]","(20.0, 25.0]   163 / (15.0, 20.0]   158 / (9.999, 15.0]   44","(20.0, 25.0]","(6.999, 14.0]  205 / (14.0, 21.0]   40 / (21.0, 28.0]   14","(6.999, 14.0]","(140.0, 210.0]   183 / (69.999, 140.0]  146 / (210.0, 280.0]   100","(140.0, 210.0]","(19.999, 40.0]  173 / (40.0, 60.0]    74 / (60.0, 80.0]    35","(19.999, 40.0]","(2.999, 6.0]  204 / (6.0, 9.0]   146 / (9.0, 12.0]   89","(2.999, 6.0]","(2.999, 6.0]  258 / (6.0, 9.0]   113 / (9.0, 12.0]   55","(2.999, 6.0]","(4.999, 10.0]  214 / (10.0, 15.0]   99 / (15.0, 20.0]   39","(4.999, 10.0]","(0.149, 0.3]  239 / (0.3, 0.45]   157 / (0.45, 0.6]   50","(0.149, 0.3]","(14.0, 21.0]   209 / (21.0, 28.0]   164 / (6.999, 14.0]   37","(14.0, 21.0]","(25.0, 30.0]   233 / (30.0, 35.0]   136 / (19.999, 25.0]  120","(25.0, 30.0]","(40.0, 50.0]   338 / (29.999, 40.0]  116 / (50.0, 60.0]   115","(40.0, 50.0]",589
19,SANTAFE DE BOGOTA D.C,28526.014084507042,5.557746478873239,0.2098591549295775,4.626760563380283,0.39098591549295797,11.475774647887325,3.611830985915493,0.13028169014084504,0.41408450704225425,19.985915492957748,19.91549295774648,235.30985915492957,58.859154929577464,4.690140845070423,4.516901408450705,10.554929577464787,0.42140845070422533,39.901408450704224,33.943661971830984,26.140845070422536,3.732394366197183,"(5.5, 6.0]   24 / (5.0, 5.5]   14 / (4.499, 5.0]  10","(5.5, 6.0]","(0.199, 0.3]  32 / (0.3, 0.4]    6 / (0.4, 0.5]    1","(0.199, 0.3]","(4.999, 10.0]  23 / (10.0, 15.0]   1 / (15.0, 20.0]   0","(4.999, 10.0]","(0.199, 0.4]  23 / (0.6, 0.8]   14 / (0.4, 0.6]    9","(0.199, 0.4]","(3.0, 5.0]   6 / (1.499, 3.0]  5 / (5.0, 6.0]   2","(3.0, 5.0]","(0.599, 1.2]  9 / (1.8, 2.4]   6 / (1.2, 1.8]   3","(0.599, 1.2]","(0.019, 0.04]  15 / (0.06, 0.08]   5 / (0.04, 0.06]   5","(0.019, 0.04]","(0.399, 0.8]  6 / (1.2, 1.6]   3 / (0.8, 1.2]   1","(0.399, 0.8]","(9.999, 15.0]  20 / (15.0, 20.0]   18 / (20.0, 25.0]   13","(9.999, 15.0]","(6.999, 14.0]  18 / (14.0, 21.0]   8 / (21.0, 28.0]   2","(6.999, 14.0]","(210.0, 280.0]   22 / (69.999, 140.0]  15 / (140.0, 210.0]   13","(210.0, 280.0]","(19.999, 40.0]  24 / (40.0, 60.0]   12 / (60.0, 80.0]    6","(19.999, 40.0]","(2.999, 6.0]  28 / (6.0, 9.0]   12 / (9.0, 12.0]   6","(2.999, 6.0]","(6.0, 9.0]   19 / (2.999, 6.0]  16 / (9.0, 12.0]   3","(6.0, 9.0]","(4.999, 10.0]  21 / (10.0, 15.0]   12 / (15.0, 20.0]   9","(4.999, 10.0]","(0.45, 0.6]   22 / (0.3, 0.45]   22 / (0.149, 0.3]  15","(0.45, 0.6]","(21.0, 28.0]   10 / (14.0, 21.0]   4 / (6.999, 14.0]   1","(21.0, 28.0]","(30.0, 35.0]   20 / (25.0, 30.0]   12 / (19.999, 25.0]   8","(30.0, 35.0]","(29.999, 40.0]  17 / (40.0, 50.0]    7 / (50.0, 60.0]    2","(29.999, 40.0]",71
20,SANTANDER,11939.6,5.26,0.194,4.2,0.294,3.3800000000000003,0.9800000000000001,0.042,0.8400000000000001,9.6,10.8,259.0,21.2,1.7399999999999998,2.16,11.079999999999998,0.20600000000000002,32.8,19.2,47.0,6.6,"(4.499, 5.0]  4 / (5.0, 5.5]   3 / (5.5, 6.0]   2","(4.499, 5.0]","(0.199, 0.3]  4 / (0.4, 0.5]   1 / (0.3, 0.4]   0","(0.199, 0.3]","(4.999, 10.0]  3 / (10.0, 15.0]   2 / (15.0, 20.0]   1","(4.999, 10.0]","(0.4, 0.6]   3 / (0.199, 0.4]  2 / (0.6, 0.8]   0","(0.4, 0.6]","(1.499, 3.0]  4 / (3.0, 5.0]   1 / (5.0, 6.0]   0","(1.499, 3.0]","(0.599, 1.2]  3 / (1.8, 2.4]   0 / (1.2, 1.8]   0","(0.599, 1.2]","(0.019, 0.04]  8 / (0.06, 0.08]   1 / (0.04, 0.06]   0","(0.019, 0.04]","(0.399, 0.8]  2 / (1.2, 1.6]   1 / (0.8, 1.2]   0","(0.399, 0.8]","(9.999, 15.0]  5 / (15.0, 20.0]   1 / (20.0, 25.0]   0","(9.999, 15.0]","(6.999, 14.0]  1 / (21.0, 28.0]   0 / (14.0, 21.0]   0","(6.999, 14.0]","(140.0, 210.0]   3 / (210.0, 280.0]   2 / (69.999, 140.0]  0","(140.0, 210.0]","(19.999, 40.0]  2 / (40.0, 60.0]   1 / (60.0, 80.0]   0","(19.999, 40.0]","(6.0, 9.0]   1 / (9.0, 12.0]   0 / (2.999, 6.0]  0","(6.0, 9.0]","(2.999, 6.0]  3 / (9.0, 12.0]   0 / (6.0, 9.0]   0","(2.999, 6.0]","(10.0, 15.0]   2 / (4.999, 10.0]  2 / (15.0, 20.0]   0","(10.0, 15.0]","(0.3, 0.45]   2 / (0.149, 0.3]  2 / (0.45, 0.6]   0","(0.3, 0.45]","(21.0, 28.0]   3 / (14.0, 21.0]   1 / (6.999, 14.0]  0","(21.0, 28.0]","(19.999, 25.0]  2 / (30.0, 35.0]   1 / (25.0, 30.0]   1","(19.999, 25.0]","(40.0, 50.0]   5 / (29.999, 40.0]  3 / (50.0, 60.0]   0","(40.0, 50.0]",5
21,SUCRE,4917.0,5.400000000000001,0.16,3.366666666666667,0.14333333333333334,2.6766666666666663,0.5033333333333333,0.03333333333333333,0.8333333333333334,6.666666666666667,2.3333333333333335,176.33333333333334,20.333333333333332,0.43333333333333335,1.0333333333333332,5.166666666666666,0.46666666666666673,20.333333333333332,22.333333333333332,57.333333333333336,3.3333333333333335,"(5.5, 6.0]   1 / (5.0, 5.5]   1 / (4.499, 5.0]  1","(5.5, 6.0]","(0.199, 0.3]  2 / (0.4, 0.5]   0 / (0.3, 0.4]   0","(0.199, 0.3]","(4.999, 10.0]  1 / (15.0, 20.0]   0 / (10.0, 15.0]   0","(4.999, 10.0]","(0.199, 0.4]  1 / (0.6, 0.8]   0 / (0.4, 0.6]   0","(0.199, 0.4]","(1.499, 3.0]  2 / (3.0, 5.0]   1 / (5.0, 6.0]   0","(1.499, 3.0]","(0.599, 1.2]  1 / (1.8, 2.4]   0 / (1.2, 1.8]   0","(0.599, 1.2]","(0.04, 0.06]   1 / (0.019, 0.04]  1 / (0.06, 0.08]   0","(0.04, 0.06]","(1.2, 1.6]   1 / (0.399, 0.8]  1 / (0.8, 1.2]   0","(1.2, 1.6]","(9.999, 15.0]  1 / (20.0, 25.0]   0 / (15.0, 20.0]   0","(9.999, 15.0]","Series([], )",No está dentro del rango,"(210.0, 280.0]   2 / (140.0, 210.0]   0 / (69.999, 140.0]  0","(210.0, 280.0]","(19.999, 40.0]  2 / (60.0, 80.0]   0 / (40.0, 60.0]   0","(19.999, 40.0]","Series([], )",No está dentro del rango,"Series([], )",No está dentro del rango,"(4.999, 10.0]  2 / (15.0, 20.0]   0 / (10.0, 15.0]   0","(4.999, 10.0]","(0.45, 0.6]   1 / (0.149, 0.3]  1 / (0.3, 0.45]   0","(0.45, 0.6]","(14.0, 21.0]   3 / (21.0, 28.0]   0 / (6.999, 14.0]  0","(14.0, 21.0]","(25.0, 30.0]   1 / (19.999, 25.0]  1 / (30.0, 35.0]   0","(25.0, 30.0]","(50.0, 60.0]   3 / (40.0, 50.0]   0 / (29.999, 40.0]  0","(50.0, 60.0]",3
22,TOLIMA,17170.703125,5.332812500000002,0.43234374999999997,11.195312499999998,0.26968749999999997,3.64140625,0.880625,0.028750000000000015,0.4499999999999999,24.625,8.25,152.9375,25.5,4.11875,4.1109374999999995,7.976562500000002,0.21937499999999993,24.046875,28.765625,46.953125,3.84375,"(5.0, 5.5]   37 / (5.5, 6.0]   15 / (4.499, 5.0]  11","(5.0, 5.5]","(0.4, 0.5]   18 / (0.3, 0.4]   13 / (0.199, 0.3]   7","(0.4, 0.5]","(10.0, 15.0]   29 / (4.999, 10.0]  16 / (15.0, 20.0]   10","(10.0, 15.0]","(0.199, 0.4]  20 / (0.4, 0.6]   11 / (0.6, 0.8]    1","(0.199, 0.4]","(1.499, 3.0]  20 / (3.0, 5.0]   11 / (5.0, 6.0]    3","(1.499, 3.0]","(0.599, 1.2]  18 / (1.2, 1.8]    6 / (1.8, 2.4]    3","(0.599, 1.2]","(0.019, 0.04]  50 / (0.04, 0.06]   7 / (0.06, 0.08]   1","(0.019, 0.04]","(0.399, 0.8]  33 / (0.8, 1.2]    4 / (1.2, 1.6]    1","(0.399, 0.8]","(15.0, 20.0]   13 / (20.0, 25.0]   11 / (9.999, 15.0]   6","(15.0, 20.0]","(6.999, 14.0]  13 / (14.0, 21.0]   5 / (21.0, 28.0]   1","(6.999, 14.0]","(69.999, 140.0]  31 / (140.0, 210.0]   21 / (210.0, 280.0]   9","(69.999, 140.0]","(19.999, 40.0]  17 / (40.0, 60.0]    3 / (60.0, 80.0]    2","(19.999, 40.0]","(2.999, 6.0]  27 / (6.0, 9.0]    6 / (9.0, 12.0]   1","(2.999, 6.0]","(2.999, 6.0]  16 / (6.0, 9.0]    9 / (9.0, 12.0]   4","(2.999, 6.0]","(4.999, 10.0]  17 / (10.0, 15.0]   11 / (15.0, 20.0]   4","(4.999, 10.0]","(0.149, 0.3]  20 / (0.3, 0.45]   12 / (0.45, 0.6]   3","(0.149, 0.3]","(14.0, 21.0]   36 / (21.0, 28.0]   7 / (6.999, 14.0]   2","(14.0, 21.0]","(30.0, 35.0]   23 / (25.0, 30.0]   19 / (19.999, 25.0]  14","(30.0, 35.0]","(40.0, 50.0]   28 / (50.0, 60.0]   22 / (29.999, 40.0]   8","(40.0, 50.0]",64
23,VALLE DEL CAUCA,21508.90740740741,5.356172839506179,0.3180864197530865,7.716666666666665,0.386358024691358,4.42179012345679,1.7516049382716057,0.06018518518518508,0.4314814814814816,21.765432098765434,7.7592592592592595,227.60493827160494,40.617283950617285,5.074691358024694,4.899382716049383,9.57098765432099,0.27549382716049386,28.64814814814815,25.84567901234568,45.5,2.654320987654321,"(5.0, 5.5]   71 / (5.5, 6.0]   42 / (4.499, 5.0]  40","(5.0, 5.5]","(0.199, 0.3]  54 / (0.3, 0.4]   51 / (0.4, 0.5]   25","(0.199, 0.3]","(4.999, 10.0]  91 / (10.0, 15.0]   26 / (15.0, 20.0]   4","(4.999, 10.0]","(0.199, 0.4]  47 / (0.4, 0.6]   26 / (0.6, 0.8]   21","(0.199, 0.4]","(3.0, 5.0]   54 / (1.499, 3.0]  22 / (5.0, 6.0]   11","(3.0, 5.0]","(0.599, 1.2]  45 / (1.2, 1.8]   28 / (1.8, 2.4]   11","(0.599, 1.2]","(0.019, 0.04]  83 / (0.04, 0.06]   27 / (0.06, 0.08]   11","(0.019, 0.04]","(0.399, 0.8]  71 / (0.8, 1.2]    9 / (1.2, 1.6]    2","(0.399, 0.8]","(20.0, 25.0]   51 / (15.0, 20.0]   44 / (9.999, 15.0]  24","(20.0, 25.0]","(6.999, 14.0]  41 / (14.0, 21.0]   5 / (21.0, 28.0]   2","(6.999, 14.0]","(140.0, 210.0]   51 / (69.999, 140.0]  36 / (210.0, 280.0]   29","(140.0, 210.0]","(19.999, 40.0]  54 / (40.0, 60.0]   26 / (60.0, 80.0]   18","(19.999, 40.0]","(2.999, 6.0]  72 / (6.0, 9.0]   25 / (9.0, 12.0]   18","(2.999, 6.0]","(2.999, 6.0]  67 / (6.0, 9.0]   32 / (9.0, 12.0]   8","(2.999, 6.0]","(4.999, 10.0]  57 / (10.0, 15.0]   27 / (15.0, 20.0]   16","(4.999, 10.0]","(0.149, 0.3]  68 / (0.3, 0.45]   34 / (0.45, 0.6]   15","(0.149, 0.3]","(21.0, 28.0]   31 / (14.0, 21.0]   25 / (6.999, 14.0]  17","(21.0, 28.0]","(25.0, 30.0]   62 / (19.999, 25.0]  56 / (30.0, 35.0]   20","(25.0, 30.0]","(40.0, 50.0]   62 / (29.999, 40.0]  51 / (50.0, 60.0]   35","(40.0, 50.0]",162
24,VICHADA,11211.6,4.999999999999999,0.16399999999999998,3.41,0.028000000000000004,0.12700000000000003,0.06000000000000001,0.009999999999999998,1.44,5.2,1.4,121.0,1.6,0.6,0.5599999999999999,1.22,0.144,31.4,47.0,21.2,5.1,"(4.499, 5.0]  7 / (5.0, 5.5]   3 / (5.5, 6.0]   0","(4.499, 5.0]","(0.199, 0.3]  1 / (0.4, 0.5]   0 / (0.3, 0.4]   0","(0.199, 0.3]","(4.999, 10.0]  1 / (15.0, 20.0]   0 / (10.0, 15.0]   0","(4.999, 10.0]","Series([], )",No está dentro del rango,"Series([], )",No está dentro del rango,"Series([], )",No está dentro del rango,"Series([], )",No está dentro del rango,"(1.2, 1.6]   10 / (0.8, 1.2]    0 / (0.399, 0.8]   0","(1.2, 1.6]","(9.999, 15.0]  1 / (20.0, 25.0]   0 / (15.0, 20.0]   0","(9.999, 15.0]","Series([], )",No está dentro del rango,"(69.999, 140.0]  4 / (210.0, 280.0]   2 / (140.0, 210.0]   1","(69.999, 140.0]","Series([], )",No está dentro del rango,"Series([], )",No está dentro del rango,"Series([], )",No está dentro del rango,"Series([], )",No está dentro del rango,"(0.149, 0.3]  4 / (0.3, 0.45]   1 / (0.45, 0.6]   0","(0.149, 0.3]","(21.0, 28.0]   1 / (14.0, 21.0]   0 / (6.999, 14.0]  0","(21.0, 28.0]","Series([], )",No está dentro del rango,"Series([], )",No está dentro del rango,10
